region,compartment,instanceId,displayName,shape,agentInstalled,cpu_day_avg,cpu_day_p95,cpu_day_p99,cpu_day_max,cpu_day_samples,cpu_week_avg,cpu_week_p95,cpu_week_p99,cpu_week_max,cpu_week_samples,cpu_month_avg,cpu_month_p95,cpu_month_p99,cpu_month_max,cpu_month_samples,note
me-abudhabi-1,global,ocid1.instance.oc1.me-abudhabi-1.anqxkljrk475dqqckv7z6ce5rlddubmirbxpyk34tlani5yl7wtpfmapukaq,nats-worker-auh-0,VM.Standard.A1.Flex,true,0.00,0.00,0.00,0.00,0,0.00,0.00,0.00,0.00,0,0.00,0.00,0.00,0.00,0,
ap-mumbai-1,global,ocid1.instance.oc1.ap-mumbai-1.anrg6ljrk475dqqcozrhajhv2tn3mxvwvcabgdh6pmbgnzi56cfgll7mabtq,nats-worker-bom-0,VM.Standard.A1.Flex,true,0.00,0.00,0.00,0.00,0,0.00,0.00,0.00,0.00,0,0.00,0.00,0.00,0.00,0,
us-ashburn-1,global,ocid1.instance.oc1.iad.anuwcljtk475dqqcx557jraslezmpomec2ehvc3fnraciop437ionvbxeo2a,bastion-pub-instance-iad-0,VM.Standard.E5.Flex,true,0.12,0.18,0.18,0.18,1440,53.42,89.11,89.11,89.11,2834,8.03,66.44,89.11,89.11,48,
af-johannesburg-1,global,ocid1.instance.oc1.af-johannesburg-1.anvg4ljrk475dqqcgtgj5pja5mflbdjulqett56i6x2leyir244p7py55vha,nats-worker-jnb-0,VM.Standard.A1.Flex,true,0.00,0.00,0.00,0.00,0,0.00,0.00,0.00,0.00,0,0.00,0.00,0.00,0.00,0,
eu-marseille-1,global,ocid1.instance.oc1.eu-marseille-1.anwxeljrk475dqqcgq35vehjbweawyno6nyb7z6utzanlwicdzm3naownnha,nats-worker-mrs-0,VM.Standard.A1.Flex,true,0.00,0.00,0.00,0.00,0,0.00,0.00,0.00,0.00,0,0.00,0.00,0.00,0.00,0,
me-riyadh-1,global,ocid1.instance.oc1.me-riyadh-1.anqwuljrk475dqqcgim7xxgivrucsrhvzomtj6v6zb4p3h2kgow7g6hstdxq,nats-worker-ruh-0,VM.Standard.A1.Flex,true,0.00,0.00,0.00,0.00,0,0.00,0.00,0.00,0.00,0,0.00,0.00,0.00,0.00,0,
ap-chuncheon-1,global,ocid1.instance.oc1.ap-chuncheon-1.an4w4ljrk475dqqctuadtycr563zbk3mjfywluvk74d4kmmbw355sm3lmk6a,nats-worker-yny-0,VM.Standard.A1.Flex,true,0.00,0.00,0.00,0.00,0,0.00,0.00,0.00,0.00,0,0.00,0.00,0.00,0.00,0,
eu-amsterdam-1,global,ocid1.instance.oc1.eu-amsterdam-1.anqw2ljrk475dqqckfa5zfw6gybaximctls47bxqrnji2lywpq4ijzwuatra,nats-worker-ams-0,VM.Standard.A1.Flex,true,0.00,0.00,0.00,0.00,0,0.00,0.00,0.00,0.00,0,0.00,0.00,0.00,0.00,0,
eu-frankfurt-1,global,ocid1.instance.oc1.eu-frankfurt-1.antheljsk475dqqctct7ay3ojotesvcjelggmmcypdkgktux35dtobii6sca,nats-worker-fra-0,VM.Standard.A1.Flex,true,0.00,0.00,0.00,0.00,0,0.00,0.00,0.00,0.00,0,0.00,0.00,0.00,0.00,0,
us-ashburn-1,global,ocid1.instance.oc1.iad.anuwcljtk475dqqcercnylik4etzlszeoik5gv5bsuykumwouqwwf7isthha,generic-priv-instance-iad-0,VM.Standard.E5.Flex,true,0.04,0.08,0.08,0.08,1440,1.50,2.97,2.97,2.97,2623,0.08,0.10,2.88,3.18,44,
us-ashburn-1,global,ocid1.instance.oc1.iad.anuwcljtk475dqqcuz5u4hzqaecjlqpuih3weg27vmw6v3vansgo4nagflzq,nats-worker-iad-0,VM.Standard.A1.Flex,true,63.63,100.00,100.00,0.00,37,63.63,100.00,100.00,100.00,37,9.88,51.76,87.15,100.00,1,
mx-queretaro-1,global,ocid1.instance.oc1.mx-queretaro-1.anyxeljrk475dqqcx5xyuy3nkko7pq2biopfwkkdfpz35gt7eobt6ocgcliq,nats-worker-qro-0,VM.Standard.A1.Flex,true,0.00,0.00,0.00,0.00,0,0.00,0.00,0.00,0.00,0,0.00,0.00,0.00,0.00,0,
ap-sydney-1,global,ocid1.instance.oc1.ap-sydney-1.anzxsljrk475dqqcrv7xgtqhjz7heqtwoejbeg3sx6q75fhxh35butq6jgqq,nats-worker-syd-0,VM.Standard.A1.Flex,true,0.00,0.00,0.00,0.00,0,0.00,0.00,0.00,0.00,0,0.00,0.00,0.00,0.00,0,
ca-montreal-1,global,ocid1.instance.oc1.ca-montreal-1.an4xkljrk475dqqckxwqbw652iummpmplu5dehj2odci7jgafoocfzolsrkq,nats-worker-yul-0,VM.Standard.A1.Flex,true,0.00,0.00,0.00,0.00,0,0.00,0.00,0.00,0.00,0,0.00,0.00,0.00,0.00,0,
eu-stockholm-1,global,ocid1.instance.oc1.eu-stockholm-1.anqxeljrk475dqqcj7uz4cmy6kbxwb7pyloxqloc5l6ud7w6krsbaz4dbtua,nats-worker-arn-0,VM.Standard.A1.Flex,true,0.00,0.00,0.00,0.00,0,0.00,0.00,0.00,0.00,0,0.00,0.00,0.00,0.00,0,
sa-saopaulo-1,global,ocid1.instance.oc1.sa-saopaulo-1.antxeljrk475dqqc46txjnmmulhboq27dvv4rltq7nm572upra3laufhuhga,nats-worker-gru-0,VM.Standard.A1.Flex,true,0.00,0.00,0.00,0.00,0,0.00,0.00,0.00,0.00,0,0.00,0.00,0.00,0.00,0,
ap-seoul-1,global,ocid1.instance.oc1.ap-seoul-1.anuwgljrk475dqqcknyqwyn6isizufpmjughycbn5xk2nkguidw7ck67eimq,nats-worker-icn-0,VM.Standard.A1.Flex,true,0.00,0.00,0.00,0.00,0,0.00,0.00,0.00,0.00,0,0.00,0.00,0.00,0.00,0,
mx-monterrey-1,global,ocid1.instance.oc1.mx-monterrey-1.anwxsljrk475dqqc2zv6z42yd4mcye3jurqpof6ro7uz4mzhqkurtwrwpjvq,nats-worker-mty-0,VM.Standard.A1.Flex,true,0.00,0.00,0.00,0.00,0,0.00,0.00,0.00,0.00,0,0.00,0.00,0.00,0.00,0,
us-chicago-1,global,ocid1.instance.oc1.us-chicago-1.anxxeljrk475dqqcileq52tgyqkb744zdnukt5ptmmt2ajmfmojjwupp3l2q,nats-worker-ord-0,VM.Standard.A1.Flex,true,0.00,0.00,0.00,0.00,0,0.00,0.00,0.00,0.00,0,0.00,0.00,0.00,0.00,0,
ap-singapore-2,global,ocid1.instance.oc1.ap-singapore-2.anqwcljrk475dqqc3w36snswtn5agofkwjkaxu65z4l43xkhiel24r3kgeaq,nats-worker-xsp-0,VM.Standard.A1.Flex,true,0.00,0.00,0.00,0.00,0,0.00,0.00,0.00,0.00,0,0.00,0.00,0.00,0.00,0,
eu-paris-1,global,ocid1.instance.oc1.eu-paris-1.anrwiljrk475dqqcdsrxhixjp6o3wrklqx5lesp2amrvmarlzuafbwo2qqvq,nats-worker-cdg-0,VM.Standard.A1.Flex,true,0.00,0.00,0.00,0.00,0,0.00,0.00,0.00,0.00,0,0.00,0.00,0.00,0.00,0,
uk-london-1,global,ocid1.instance.oc1.uk-london-1.anwgiljrk475dqqcshwcma23p53m724mghluijjlwjtfzaaos2zbtwnpuqma,generic-priv-instance-lhr-0,VM.Standard.E5.Flex,true,0.00,0.00,0.00,0.00,0,0.00,0.00,0.00,0.00,0,0.00,0.00,0.00,0.00,0,
ap-batam-1,global,ocid1.instance.oc1.ap-batam-1.anrguljrk475dqqcpi4vf7doxlwamsjq536qsav3fw64dhcj35rcimziynaa,nats-worker-hsg-0,VM.Standard.A1.Flex,true,0.00,0.00,0.00,0.00,0,0.00,0.00,0.00,0.00,0,0.00,0.00,0.00,0.00,0,
ap-hyderabad-1,global,ocid1.instance.oc1.ap-hyderabad-1.anuhsljrk475dqqcpaqjvbjpdfgitjjlev66oqhyy6cnasuh6iqe62ycpgmq,nats-worker-hyd-0,VM.Standard.A1.Flex,true,0.00,0.00,0.00,0.00,0,0.00,0.00,0.00,0.00,0,0.00,0.00,0.00,0.00,0,
eu-madrid-3,global,ocid1.instance.oc1.eu-madrid-3.anrhqljrk475dqqccxmj4fp6o3z3kakejjcuuvysmltwscqmrnq2fbnqu7sa,nats-worker-orf-0,VM.Standard.A1.Flex,true,0.00,0.00,0.00,0.00,0,0.00,0.00,0.00,0.00,0,0.00,0.00,0.00,0.00,0,
us-phoenix-1,global,ocid1.instance.oc1.phx.anyhqljtk475dqqc3mypzejta5rvjvqwf6kmg2jpbb3ayxfvdn43zifpsljq,generic-priv-instance-phx-0,VM.Standard.E5.Flex,true,0.00,0.00,0.00,0.00,0,0.00,0.00,0.00,0.00,0,0.00,0.00,0.00,0.00,0,
ap-singapore-1,global,ocid1.instance.oc1.ap-singapore-1.anzwsljrk475dqqcyzmjcxzd2ikhzwworbfa3ejcdl4ttghf3wszt3lhkcua,nats-worker-sin-0,VM.Standard.A1.Flex,true,0.00,0.00,0.00,0.00,0,0.00,0.00,0.00,0.00,0,0.00,0.00,0.00,0.00,0,
us-sanjose-1,global,ocid1.instance.oc1.us-sanjose-1.anzwuljrk475dqqcfeka2tacpdm4upmxtw4obcinzhz46za3uxxiec4qeyiq,nats-worker-sjc-0,VM.Standard.A1.Flex,true,0.00,0.00,0.00,0.00,0,0.00,0.00,0.00,0.00,0,0.00,0.00,0.00,0.00,0,
sa-vinhedo-1,global,ocid1.instance.oc1.sa-vinhedo-1.an3ggljrk475dqqcjpaxwufjrppky3zzux2mqys7fxem76hns3ngx6porpra,nats-worker-vcp-0,VM.Standard.A1.Flex,true,0.00,0.00,0.00,0.00,0,0.00,0.00,0.00,0.00,0,0.00,0.00,0.00,0.00,0,
eu-zurich-1,global,ocid1.instance.oc1.eu-zurich-1.an5heljrk475dqqcgiwjrjrvceugzmstpkiklj3hfwv24j3brh5fpdl5aroa,nats-worker-zrh-0,VM.Standard.A1.Flex,true,0.00,0.00,0.00,0.00,0,0.00,0.00,0.00,0.00,0,0.00,0.00,0.00,0.00,0,
uk-cardiff-1,global,ocid1.instance.oc1.uk-cardiff-1.anrxoljrk475dqqco2nwcldsrgdbc33dqxzicbthueocjh3yxllfojuvfydq,nats-worker-cwl-0,VM.Standard.A1.Flex,true,0.00,0.00,0.00,0.00,0,0.00,0.00,0.00,0.00,0,0.00,0.00,0.00,0.00,0,
me-jeddah-1,global,ocid1.instance.oc1.me-jeddah-1.anvgkljrk475dqqc6uwncjuggngfbgtyyyrvmbqtpuzi7mjlsg7yt7hp2w4a,nats-worker-jed-0,VM.Standard.A1.Flex,true,0.00,0.00,0.00,0.00,0,0.00,0.00,0.00,0.00,0,0.00,0.00,0.00,0.00,0,
ap-osaka-1,global,ocid1.instance.oc1.ap-osaka-1.anvwsljrk475dqqcuodn6xutmbba6ynraddbm4nt64icz5rhwnbgo37atyna,nats-worker-kix-0,VM.Standard.A1.Flex,true,0.00,0.00,0.00,0.00,0,0.00,0.00,0.00,0.00,0,0.00,0.00,0.00,0.00,0,
ap-melbourne-1,global,ocid1.instance.oc1.ap-melbourne-1.anwwkljrk475dqqctd7xi36yrhaa5d4n36p7zfm7hvnh6n6wyau7tysk6f7a,nats-worker-mel-0,VM.Standard.A1.Flex,true,0.00,0.00,0.00,0.00,0,0.00,0.00,0.00,0.00,0,0.00,0.00,0.00,0.00,0,
il-jerusalem-1,global,ocid1.instance.oc1.il-jerusalem-1.anwxiljrk475dqqc4rkz4vnoonqzt7omwxksg2smdqqyd4eow5oenw774pca,nats-worker-mtz-0,VM.Standard.A1.Flex,true,0.00,0.00,0.00,0.00,0,0.00,0.00,0.00,0.00,0,0.00,0.00,0.00,0.00,0,
eu-turin-1,global,ocid1.instance.oc1.eu-turin-1.ansgsljrk475dqqcq6mf55o5ftqtnnyewth52mpespj7qqbuiwyden24y7iq,nats-worker-nrq-0,VM.Standard.A1.Flex,true,0.00,0.00,0.00,0.00,0,0.00,0.00,0.00,0.00,0,0.00,0.00,0.00,0.00,0,
us-phoenix-1,global,ocid1.instance.oc1.phx.anyhqljtk475dqqcanqllce7hy2ovlqyzihmxsxla3evv64ghon32pxqd7fq,nats-worker-phx-0,VM.Standard.A1.Flex,true,0.00,0.00,0.00,0.00,0,0.00,0.00,0.00,0.00,0,0.00,0.00,0.00,0.00,0,
ca-toronto-1,global,ocid1.instance.oc1.ca-toronto-1.an2g6ljrk475dqqcotntnvutjzlqnmohkxhhpuouhdb5n4ntjvy6zlrezr5q,nats-worker-yyz-0,VM.Standard.A1.Flex,true,0.00,0.00,0.00,0.00,0,0.00,0.00,0.00,0.00,0,0.00,0.00,0.00,0.00,0,
sa-bogota-1,global,ocid1.instance.oc1.sa-bogota-1.anrgcljrk475dqqcycbfetwbyjxgeslod325dbrqdmaov6un6yd7uoxzy3sq,nats-worker-bog-0,VM.Standard.A1.Flex,true,0.00,0.00,0.00,0.00,0,0.00,0.00,0.00,0.00,0,0.00,0.00,0.00,0.00,0,
uk-london-1,global,ocid1.instance.oc1.uk-london-1.anwgiljrk475dqqcacrv5qlkdf3nu72netsbondwocwhafthsgx374bfzgoq,nats-worker-lhr-0,VM.Standard.A1.Flex,true,0.00,0.00,0.00,0.00,0,0.00,0.00,0.00,0.00,0,0.00,0.00,0.00,0.00,0,
sa-santiago-1,global,ocid1.instance.oc1.sa-santiago-1.anzwgljrk475dqqclwdd5nrqgsbkddr6nnie3manvbsljyej5d5sklwwsm6a,nats-worker-scl-0,VM.Standard.A1.Flex,true,0.00,0.00,0.00,0.00,0,0.00,0.00,0.00,0.00,0,0.00,0.00,0.00,0.00,0,
us-sanjose-1,global,ocid1.instance.oc1.us-sanjose-1.anzwuljrk475dqqc3uox3mvtrnpe3ztl3hti5urfkijkffyjc35ugrqzjveq,generic-priv-instance-sjc-0,VM.Standard.E5.Flex,true,0.00,0.00,0.00,0.00,0,0.00,0.00,0.00,0.00,0,0.00,0.00,0.00,0.00,0,
me-dubai-1,global,ocid1.instance.oc1.me-dubai-1.anshqljrk475dqqcxpyus4uxitgx3kgrfze5alsf6naqazrnicuvnltqpbdq,nats-worker-dxb-0,VM.Standard.A1.Flex,true,0.00,0.00,0.00,0.00,0,0.00,0.00,0.00,0.00,0,0.00,0.00,0.00,0.00,0,
eu-milan-1,global,ocid1.instance.oc1.eu-milan-1.anwgsljrk475dqqcsvtga3liaajmmehegsdblffjnjzo2nfm2ha3dx2paxga,nats-worker-lin-0,VM.Standard.A1.Flex,true,0.00,0.00,0.00,0.00,0,0.00,0.00,0.00,0.00,0,0.00,0.00,0.00,0.00,0,
eu-madrid-1,global,ocid1.instance.oc1.eu-madrid-1.anwwcljrk475dqqcbb33boysxaza44kj57324jbtcyv4pszpva37jnyt2jla,nats-worker-mad-0,VM.Standard.A1.Flex,true,0.00,0.00,0.00,0.00,0,0.00,0.00,0.00,0.00,0,0.00,0.00,0.00,0.00,0,
ap-tokyo-1,global,ocid1.instance.oc1.ap-tokyo-1.anxhiljrk475dqqcxn4rmf224ruv7xvdncd53tb3fv2buhok2jefbe42yhha,nats-worker-nrt-0,VM.Standard.A1.Flex,true,0.00,0.00,0.00,0.00,0,0.00,0.00,0.00,0.00,0,0.00,0.00,0.00,0.00,0,
sa-valparaiso-1,global,ocid1.instance.oc1.sa-valparaiso-1.an3gcljrk475dqqchzmrft33j3fbfcfw7rxxh2ku3mqcrbug7ypqhfr2y4dq,nats-worker-vap-0,VM.Standard.A1.Flex,true,0.00,0.00,0.00,0.00,0,0.00,0.00,0.00,0.00,0,0.00,0.00,0.00,0.00,0,
